year,unemployment_rate_pct
2005,9.9
2006,9.1
2007,7.4
2008,6.4
2009,6.9
2010,6.6
2011,6.0
2012,5.9
2013,6.1
2014,5.9
2015,5.7
2016,5.6
2017,5.2
2018,4.8
2019,4.7
2020,5.6
2021,5.4
2022,5.0
2023,5.3
2024,5.6
2025,5.9
